1.4854E+18,BREAKING: The U.S. State Department has ordered the evacuation of American citizens in Ukraine‚Ä¶ \n\nHere we go,DY
1.4854E+18,"In a press release, the department‚Äôs Office of Foreign Assets Control said the action is intended to target, undermine, and expose #Russia‚Äôs ongoing destabilization effort in #Ukraine. https://t.co/emSxoANolX",UC
1.4854E+18,"If military assistance to Ukraine in the short term won‚Äôt make any difference, why are the Russians so upset about it?",UC
1.4854E+18,"@michaelbd Plus, your fears that Ukraine might become emboldened by US support to do something unwise are likewise unfounded.  What past instance of Ukrainian behavior would make you fear this in the future? 1/2",PN
1.4854E+18,"Dear international media, when covering üá∫üá¶, please remember, Ukrainians are not pawns in a geopolitical game. We are real people, 40 mln, with our agency, ideas and aspirations. Majority of us (~60%) want to join the EU&amp;NATO. We are ready to resist Russia\nhttps://t.co/eUn7oJdvO4",UC
1.4854E+18,"BREAKING: U.S. issues travel warning for Ukraine due to ""increased threats of Russian military action,"" says Americans should leave now",DY
1.4854E+18,@catturd2 Biden won't because he would be giving up his more lucrative kickbacks from Putin. Democrats play both sides of the fence. Hedge betsü§∑‚Äç‚ôÇÔ∏è,PN
1.4854E+18,U.S. STATE DEPARTMENT SAYS THERE ARE REPORTS RUSSIA IS PLANNING SIGNIFICANT MILITARY ACTION AGAINST UKRAINE¬†-¬†Reuters News,DY
1.4854E+18,We‚Äôre about to see Taiwan fall and the Ukraine absorbed into Russia. Biden is the worst president in history and the biggest idiot this country has ever produced.,PY
1.4854E+18,Ukraine is not our country and not our problem. Anyone who would risk a war with Russia for the sake of some random country 6000 miles away is a fool or a psychopath or both. Move to Ukraine and enlist in the army if you care so much. Our sons don't need to die for this bullshit.,UC
1.4854E+18,"Sending more U.S. troops to Eastern Europe would signal a major pivot for the Biden administration, which up until recently was taking a restrained stance on Ukraine, out of fear of provoking Russia into invading.  w/@helenecooper \nhttps://t.co/yKtME4vMlc",UC
1.4854E+18,BREAKING: #US State Department orders diplomats' families to leave US embassy in #Kyiv amid #Russia tensions,DY
1.4854E+18,"""RUSSIAN FORCES MASSED ON BORDERS OF UKRAINE: INVASION EXPECTED AT ANY MOMENT"" U.S. ORDERS NON-ESSENTIAL EMBASSY STAFF &amp; ALL FAMILIES TO DEPART UKRAINE IMMEDIATELY &amp; WARNS ALL U.S. NATIONALS THAT THEY ARE NO LONGER SAFE &amp; SHOULD LIKEWISE DEPART NOW. https://t.co/o2M4qNJj7j",DY
1.4854E+18,"To the best of my knowledge, no one is sending weapons to Ukraine that could be used to attack Russia. Anti-aircraft and anti-tank weapons are only a threat to Russian soldiers if Putin plans to invade. &amp; he keeps telling us he's not planning to invade. https://t.co/yDOAuSXmQW",PN
1.4854E+18,Nothing stopping the neocons who want war in Ukraine with Russia to fly over there voluntarily and use themselves as human shields.,UC
1.4854E+18,"‚ÄúPresident Biden is considering deploying several thousand US troops, as well as warships and aircraft, to NATO allies in the Baltics and Eastern Europe, an expansion of American military involvement amid mounting fears of a Russian incursion into Ukraine.‚Äù https://t.co/NozLXWVXk2",UC
1.4854E+18,"RAND's @MassDara discusses the devastation that would result if Russia ordered a large-scale move on Ukraine, and offers near-term strategies to save lives and reduce the effect of Russian air and missile strikes. https://t.co/1VKkUUplxe",UC
1.4854E+18,@CryptoScotGuy Assuming without actually knowing shows how ignorant you are. You think Putin would invade a country with nuclear weapons üòÇüòÇüòÇüòÇüòÇ,DN
1.4854E+18,"On the one hand, this is very grim. On the other, it is standard procedure in situations like these to make sure dependents (incl. pets!) are safe in case of an escalation. A reminder of the mostly unacknowledged personal sacrifices our diplomats make.\nhttps://t.co/PFlPuf76re",UC
1.4854E+18,"@nolanwpeterson I have been to Bucha, Ukraine, five times.  The people are fiercely proud of their country and will never bend to Putin and his trolls.  If Putin invades, there will be a fight like he cannot imagine- with or without the spineless Biden.",UC
1.4854E+18,"@EdAsante77 What would be the next ""domino""? Poland ain't going to knuckle under to Russia, and neither will the Baltics. They're all NATO members.\n\nAt any rate, the Russians don't want to occupy Ukraine. It would be expensive. They don't want NATO there. That would be more expensive.",PN
1.4854E+18,Britain Says Moscow Is Plotting to Install a Pro-Russian Leader in Ukraine https://t.co/tX1fAYySO4,PY
1.4854E+18,We‚Äôre Moving Closer to War with Russia\nhttps://t.co/NvI1aYhGdd,PY
1.4854E+18,üî¥  #BREAKING \n\nIntelligence sources: #Putin set the zero hour !!  \n\n#USA\n#Ukraine \n#Moscow,DY
1.4854E+18,State Department: do not travel to Ukraine due to imminent war‚Ä¶ and COVID https://t.co/mz4a2JGQyU,DY
1.4854E+18,"As if there‚Äôs not enough challenging crisis‚Äôs already going on in our world, Putin has to force this warfare, globally, upon us all. ü§¨üåéü§¨ ~ US draws down Ukraine embassy presence as war fears mount (from @AP)  https://t.co/uGJNW1Zswk",DY
1.4854E+18,@JenniferJJacobs I have no desire to get into another war... but if we don't stand up for Ukraine it won't be the last country Putin invades,UC
1.4854E+18,"Russia's purported plan to install pro-Kremlin leadership in Ukraine 'deeply concerning,' White House says\n\nhttps://t.co/tTbw8Bf5aE\nThis lies upon every Biden voter!  Not only does the Dems threaten the security of our nation but indeed the security of the whole world.",PY
1.4854E+18,"This excellent video by @BrianBeckerDC / @BTnewsroom succinctly explains how the US created the crisis in Ukraine, by expanding NATO, supporting a fascist-led coup in 2014, sending weapons to Kiev, and threatening Russia right on its borders\nhttps://t.co/V2i21c2hor",UC
1.4854E+18,Biden Weighs Deploying Thousands of Troops to Eastern Europe and Baltics - NYT \n\n https://t.co/SuQ4OhGWpY,UC
1.4854E+18,"Biden's 'green light' to Putin on Ukraine will have 'ripple effect' throughout the world, critic says https://t.co/g6qyIPSebm #FoxNews",PY
1.4854E+18,"I #StandwithUkraine in the face of escalating Russian aggression against #Ukraine. \n\nüá®üá¶ #StandswithUkraine üá∫üá¶. Canada stands resolute in its support of Ukraine‚Äôs sovereignty, territorial integrity and independence. https://t.co/zrLWCd8Ibr",PY
1.4854E+18,"""In the event of a full-scale Russian invasion, the United States intends to move its military trainers out of the country...But it is possible that some Americans could stay to...provide frontline support, a U.S. official said.""\n\nUnder what authority...?\n\nhttps://t.co/z2z3icyAAL",UC
1.4854E+18,BREAKING: State Department issues 'do not travel' warning for Ukraine as embassy staff is told to leave https://t.co/0DJKUDbJMH,DY
1.4854E+18,"In an unusual statement, the British government said Saturday that the Kremlin was developing plans to install a pro-Russian leader in Ukraine.  https://t.co/2vmfydW6vW",DY
1.4854E+18,"The avalanche of propaganda from US war hawks on Ukraine, Russia, China, Cuba, Yemen, Iran‚Ä¶. It‚Äôs dizzying.\n\nThey‚Äôre really convinced that they‚Äôre the good guys as they arm neo Nazis, help massacre Yemenis, impoverish hundreds of millions around the world with sanctions.",DN
1.4854E+18,"""The risk of war in Europe is rising. A blitz of diplomacy has failed to defuse fears of a Russian invasion in Ukraine, whose pro-Western government is sounding the alarm that Moscow has almost completed a menacing troop buildup.""\nhttps://t.co/vo6U9OdFnd",PY
1.4854E+18,Ukraines air defenses are weak -\nRussia knows this and if it invaded again will likely use the Syria model+ to achieve max damage w/o having to deploy ground forces.  https://t.co/y58CA7kfvp,UC
1.4854E+18,"German navy chief resigns following Ukraine, Putin comments https://t.co/c7ktwZO3hG via @CTVNews\nWhy is the West so eager to keep Ukraine &amp; Russia divided? Putin &amp; Russia deserves respect‚úÖ. Ukraine really want to have a full conflict with Russia? Beware of Fair weather friends!",UC
1.4854E+18,US STATE DEPARTMENT: THERE ARE REPORTS THAT RUSSIA IS CONSIDERING SIGNIFICANT MILITARY ACTION AGAINST UKRAINE.,DY
1.4854E+18,"If we don't do anything about the Ukraine if Russia invades, then China will likely pounce on Taiwan right after",UC
1.4854E+18,"Putin's dream of new, globe-spanning Russian navy turns on Ukraine invasion\nhttps://t.co/dGR17XTmdw",PY
1.4854E+18,Ex-squaddies in the trenches with Ukraine troops reveal the Russian invasion threat https://t.co/uu1e5D5zXr,UC
1.4854E+18,They might go for Taiwan while we start messing with Russia and this could actually happen. Called this long ago. Not surprised. https://t.co/eFGOX4fj4i,PY
1.4854E+18,The crisis in Ukraine is continuing to escalate. Now is the time for the United States and our allies to stand united with one voice and provide Ukraine with the assistance it needs to defend itself.,PY
1.4854E+18,Another gross foreign policy miscalculation that will spiral out of control: \nBiden Weighs Deploying Thousands of Troops to Eastern Europe and Baltics‚Ä¶ https://t.co/1VvG9WKjv3,PY
1.4854E+18,"Putin knows that Ukraine is not going to attack Russia. To suggest somehow that there's a threat from NATO or from Ukraine is propaganda, an excuse for Putin to do what he ultimately wants: extend his influence, authority, power &amp; control into the former Warsaw Pact countries. https://t.co/8lp3tX0yGK",PY
1.4854E+18,"US Embassy in Kyiv tonight: ""There are reports Russia that is planning significant military action against Ukraine. Security conditions, particularly along Ukraine's borders, in occupied Crimea and in Eastern Ukraine, are unpredictable and can deteriorate with little notice.""",DY
1.4854E+18,"Spain is committed to @NATO and the security of Europe, as I have reiterated in my conversation with @jensstoltenberg. We support the sovereignty and territorial integrity of Ukraine and trust that diplomacy and dialogue will be the way to de-escalate this crisis.",UC
1.4854E+18,The second bird in Kyiv! More than 80 tons of weapons to strengthen Ukraine's defense capabilities from our friends in the USA! And this is not the end üòå üá∫üá¶ü§ùüá∫üá∏\nP.S. the cargo arrived under dependable protection üê∂\n@WhiteHouse @congressdotgov @USEmbassyKyiv @UKRintheUSA https://t.co/ReNaj9tRds,PY
1.4854E+18,"üá∫üá¶üá∫üá∏‚ö°Ô∏èüá∑üá∫ | Tensions Rising |\n\nPresident Joe Biden is considering deploying thousands of troops, ships and planes to the Baltics and Eastern Europe due to Russia's threat to take military action in Ukraine\n\n#Ukraine #Russia #USA https://t.co/Vek4wmZE2p",PY
1.4854E+18,Ukraine has received a second weapons supply shipment from the United States amid the looming threat of a potential Russian invasion https://t.co/DfbI8SMMjO,PY
1.4854E+18,"U.S Navy, ready for WAR! Belarus! ""Defense Secretary Austin"" ordered, USS Truman with 5 war ships, ready for battle. Our presence in Europe is a loud voice to Belarus &amp; Russia not to invade Poland. U.S will finance projects in Poland, NATO allies &amp; more troops. ""Military Times""",PY
1.4854E+18,"Wishful thinking. Putin has overseen:\n-2nd Chechen War\n-2008 Russo-Georgian War\n-Invasion of Ukraine 2014-\n-Intervention in Syria 2015-\nRussia sustained thousands of KIAs in those conflicts. If Putin decides to escalate, he'll be prepared to sustain hundreds of casualties or more https://t.co/cwvt9HdCUg",PY
1.4854E+18,U.S. draws down Ukraine embassy presence as war fears mount https://t.co/1XKtPVxR2A,PY
1.4854E+18,@Jules31415 This is actually happening..We‚Äôre actually going to go into war with Russia,PY
1.4854E+18,We support our friends in Ukraine. It's critical that we provide defensive capabilities to Ukraine as they courageously defend their country against the threat of Putin‚Äôs invasion. https://t.co/1KSCIKvCzM,UC
1.4854E+18,"It is a prudent move to depart from a country where there is a very serious threat of war &amp; invasion, instead of waiting to a last minute. It is not only prudent for American, but will help Ukraine as well to defend itself\nif would be necessary. https://t.co/xkqIR0qrnU",PY
1.4854E+18,Germany‚Äôs Reliance on Russian Gas Limits Europe‚Äôs Options in Ukraine Crisis\n\nBerlin is vulnerable if the West sanctions Russia over Ukraine and Moscow responds by cutting off natural-gas exports.,UC
1.4854E+18,That‚Äôs because Joe Biden is protecting his family business interests in Ukraine and is willing to plunge the United States into a war over it. \nEveryone should look up Hunter Biden and Burisma if you want to know what‚Äôs really going on in Ukraine!! https://t.co/ZwPtbQV9nC,PY
1.4854E+18,"Kyiv is one of Europe's largest and most ancient capitals. For the past few weeks, residents have had to come to terms with the appalling fact that they may soon suddenly find themselves living in a war zone https://t.co/xCk9DxeOZ0",UC
1.4854E+18,America is fucked up and stupid but I don‚Äôt know if we‚Äôre ‚Äúfight a land war with Russia in February‚Äù fucked up and  stupid. But maybe!,UC
1.4854E+18,Germany‚Äôs dependence on Russian gas has left Europe short of options to sanction Moscow if it invades Ukraine https://t.co/3TauUQC8rc,UC
1.4854E+18,"‚ÄúYou cannot permit the Russians to believe you are afraid of an escalation. They will use it time and again,‚Äù argued one of Poland‚Äôs wisest Russia analysts‚Ä¶‚ÄùRestraint does not stabilize Putin. It encourages him.‚Äù https://t.co/6gcJOQWua5",UC
1.4854E+18,"We (Americans) bicker while WW3 is a great possibility, right now. Eye on Ukraine ...",PY
1.4854E+18,@Tommyboy5186 @BostonGlobe I‚Äôm not a Trump person. Biden will get America in to war. Possibly because of his ties to Ukraine. Why do most Democrats default to Trump?  He  has nothing to do with anything.,PY
1.4854E+18,"My European perspective is the case for intervention is actually much smaller than people make out of it. There's no actual defensive alliance with Ukraine that can activate a chain reaction, unlike the prior world wars  with Serbia or Poland.",PN
1.4854E+18,"What my general belief is, is that **** is going to kick off in Ukraine only after the Winter Olympics and when some incident spirals into the second civil war, which will necessarily lock up military resources elsewhere.",DY
1.4854E+18,People ask me how Ukrainians prepare to a possible Russian invasion. \nLike this: they plan a vacation.\nAnd an evacuation.ü§∑‚Äç‚ôÄÔ∏è #Ukraine #Russia https://t.co/Ck0OojXJ9z,UC
1.4854E+18,@Aldamir @amlivemon The Russians aren't going to attack.  This is all theatre on the part of the Americans.,DN
1.4854E+18,"The last time Russia forcibly expanded its borders, Joe Biden was in the White House.",PY
1.4854E+18,"I wonder if people in 1939 went about their lives not thinking about the fact that WWII was approaching, the way we are not noticing what is happening in the Ukraine?",PY
1.4854E+18,What if Russia considers Ukraine so important that anything short of risking a conventional conflict with NATO is worth it? The problem with the current debate about deterrence isn't the credibility of the threat but of the tool being mentioned. https://t.co/Tfpj7u1ehZ,UC
1.4854E+18,@StateDept is now recommending #US citizens make leave via publicly available routes. Not a good sign at all on our end and very ominous... #Russia #Ukraine #EU #NATO #Crimea #Donbas #UkraineWar #Europe,PY
1.4854E+18,We fucking better NOT go to war with Russia right now. What the fuck. https://t.co/pTpAECO6oZ,UC
1.4854E+18,"""Russia will make its decisions based on President [Vladimir] Putin's calculus of what's in their interest,"" Secretary of State Antony Blinken said Sunday, warning there will be ""massive consequences"" for Russia if its military forces invade Ukraine. https://t.co/EBH6nIN6Mi https://t.co/4WC8FAtmfn",UC
1.4854E+18,"US Embassy in Kyiv: There are reports Russia is planning significant military action against Ukraine. Security conditions, particularly along Ukraine borders, in üá∑üá∫-occupied Crimea, and in üá∑üá∫-controlled eastern Ukraine, are unpredictable and can deteriorate with little notice.",DY
1.4854E+18,Putin's annexation of Crimea has not stopped him from continuing to undermine Ukrainian sovereignty. No NATO freeze or imposed neutrality on Ukraine will stop him either. 4/,PY
1.4854E+18,Biden is starting war with Russia! Biden needs to be removed from office and put in prison before millions of innocent people are slaughtered https://t.co/f02XJnjDfu,PY
1.4854E+18,I don't want Greece to get involved in the Ukraine Russia conflict. It's a bad idea.,UC
1.4854E+18,"@ItsBCJim @Jack203811871 @cubsmomma23 @ABC Mexico wouldnt try to enter into alliance with Russia. why? Because the U.S. isnt taking aggressive action towards them like Russia is taking towards their neighbors.Russia is the reason countries like Latvia, Estonia joined and why Ukraine wants to. Russia bears responsibility.",UC
1.4854E+18,"US Secretary of State Antony Blinken said Sunday he has ""no doubts"" Germany is maintaining a united front with NATO on the Ukraine crisis, after Berlin faced pressure to toughen its stance against potential Russian aggression https://t.co/9x7z5SA16d",UC
1.4854E+18,Get Ready Player Ukraine,PY
1.4854E+18,A well-articulated play-by-play of what could go down in Ukraine in the coming weeks. I keep asking the question of ‚Äúwhat does the *after* look like and at what cost?‚Äù  @DAlperovitch starts to dig into that here. Not a pleasant read. https://t.co/f3P78MwyAN,UC
1.4854E+18,"@JuliaDavisNews It is a prudent move to depart from a country where there is a very serious threat of war &amp; invasion, instead of waiting to a last minute. It is not only prudent for American, but will help Ukraine as well to defend itself\nif would be necessary.",PY
1.4854E+18,"We have been clear that if there is any further Russian aggression against Ukraine, there will be a swift, severe, and united response from the United States and Europe. My full interview with @margbrennan on @FaceTheNation: https://t.co/ZUDHFOb6Va",UC
1.4854E+18,WORLD IS WATCHING: Former secretary of state warns Biden administration must take action as volatile situation unfolds along Russia-Ukraine border. https://t.co/MgffBpaOsI https://t.co/wLwBEr0Osq,UC
1.4854E+18,My latest w/@JeanneWhalen: U.S. threatens use of novel export control to damage Russia‚Äôs strategic industries if Moscow invades Ukraine https://t.co/yJdtbf8EYH,UC
1.4854E+18,'ominous development'üëá#Ukraine #Russia #UkraineCrisis https://t.co/VC6fZzKTZz,PY
1.4854E+18,Germany‚Äôs dependence on Russian gas has left Europe short of options to sanction Moscow if it invades Ukraine https://t.co/GNjz8g0HIi,UC
1.4854E+18,They won‚Äôt stop with Ukraine. Eastern Europe is next. And frankly the only reason I will EVER visit Hungary or Poland is to participate in a women‚Äôs rights protest. Already gone.  https://t.co/VLNzqLUfew,DY
1.4854E+18,@POTUS Don‚Äôt supply Ukraine any weapons. We don‚Äôt want a war in Europe. And we don‚Äôt want UK/US in another war.  I‚Äôm not prepared to loose my military family people because some blokes in an office don‚Äôt like the other bloke in another office!,UC
1.4854E+18,Renewable Energy Could Cool European Tensions With Russia | https://t.co/z7pmoX16EW https://t.co/E5eRCJ4iQm #oilprice,UC
1.4854E+18,#VladimirPutin did not stop after #Georgia. He will not stop after #Ukraine. There is no #UkraineCrisis. This is a #Europe crisis. #Russia https://t.co/jcU0K8iFLl,DY
1.4854E+18,Might be the beginning of WW3\nhttps://t.co/3uLJWwIj4k,PY
1.4854E+18,"War can yet be avoided, but time is running out https://t.co/Usl6lOhGid",UC
1.4854E+18,Lets rethink this Ukrainian tension. Maybe its not as tense as it looks. Perhaps the troops would rather stay in Russia?,UC
1.4854E+18,Russia and Ukraine war is closer than ever. https://t.co/0108r23x3S,PY
1.4854E+18,Over the past week there has been a significant uptick in Russian propaganda that West is preparing attacks in Ukraine. Something to monitor in terms of timetable. The latest comes from propaganda Foreign Ministry spokesperson Zakharova who says there are several Western ops üôÑ,PY
1.4854E+18,Update: Japan promises a joint response with the United States to Russia's aggression against Ukraine\n\nThe Prime Minister of Japan made clear that Japan would be fully behind the United States in the challenging days ahead.\nhttps://t.co/rGbjhhYwiz,UC
1.4854E+18,"The Deputy Prime Minister of the #UK, Dominic #Raab says that there is a 'very significant' risk that #Russia will #invade #Ukraine. Follow @Military_Alerts\n\nRead more:\nhttps://t.co/kJcwszaffl",DY
1.4854E+18,"Reason:\nFrom a timing perspective, this might be the best time he will ever have to invade. US is distracted by domestic politics and new geopolitical confrontation with China",PY
1.4854E+18,"Oh look! Another ""neutral, impartial"" British Ambassador (to Ukraine) stoking war.\n\nWhere have you seen that before? https://t.co/A5GKgF5koA",PY
1.4854E+18,Russia are planning to put a puppet government into Ukraine after their successful UK trial.,PY
1.4854E+18,No ones nervous about this Russia thing. Not a mention on here.\n\nYou guys know how close we are to WW3?,PY
1.4854E+18,"No! Hard stop! We will not and should not fight in this war. I'm fine with arming Ukraine, but our men and women do not need to be deployed. And should not be deployed. Biden has been wrong on foreign policy for the past 40 years. We had peace with Trump. Just sayin https://t.co/bulOqaPx5t",UC
1.4854E+18,"Russian doctors, dissidents, and other figures keep falling out of windows. Instead of threatening Ukraine, Putin could commit resources to window safety. https://t.co/HdQ494P25G https://t.co/EsNrQ8kMrM",UC
1.4854E+18,We need an enhanced Magnitsky approach on Russia. Freeze assets of Russian oligarchs; deny oligarchs and their families access to western territory and markets; and ban the children of these oligarchs from universities. Give those spots to the children of Russian dissidents.,UC
1.4854E+18,Voluntary departure of US direct hire employees in Kyiv authorized and departure of eligible family members from @USEmbassyKyiv ordered by @StateDept due to the ‚Äúcontinued threat‚Äù of military action by #Russia.,PY
1.4854E+18,"#MAGA #Trump2024 #Conservative I hope if Russia invades Ukraine , Biden has the guts to kick there ass. This is the red line make no mistake ,the world is watching , you have to show Putin Power not sanctions.",UC
1.4854E+18,"Another 80 tons of military goods (lethal weapons) have been delivered to Ukraine from the US. Let me put in this way: another 80 tons of guarantees of peace and freedom have been delivered to Ukraine. Shame on us, Germans, who currently support the neo-fascist aggressor. https://t.co/f70DfOb2wp",PY
1.4854E+18,"As a Russian invasion of Ukraine looms, Pope Francis calls for a world day of prayer https://t.co/Ug7DzvFzSv",UC
1.4854E+18,"@DrlindaJohnson The White House had to explain, correct, and back track what Biden said about Russia and a ""small incursion"". There is no such thing as a ""small incursion"". Russia either crosses the border of Ukrain or not. Period. @POTUS""",PN
1.4854E+18,"The Deputy Prime Minister of the #UK, Dominic #Raab says that there is a 'very significant' risk that #Russia will #invade #Ukraine. Follow @Defcon_Level.\n\nRead more:\nhttps://t.co/wQGaK89Ff2",DY
1.4854E+18,Blinken says if any Russian military moves across Ukraine's border it will be met with swift and severe response!  What the hell about OUR border that has been and continues to be invaded by 2 million people in one year and not ONE word about it.,UC
1.4854E+18,"""Putin will take advantage of any disunity and any weakness that we show"".\n\nShadow attorney general Emily Thornberry says the UK must be ""unified"" in its response to Russia and get ""more imaginative"" with the sanctions they threaten to impose.\n\n#Phillips https://t.co/T9mK8F9oiq https://t.co/x7fSUf308Q",UC
1.4854E+18,"I'm not seeing it in the news, so let me write it.\n\nA Russian invasion of Ukraine means death.\n\nHomes, schools blasted to bits.\n\nPeople will defend their country. Just as you would.\n\nMany of them will die.\n\nChildren out playing this weekend will see their families ripped apart.",UC
1.4854E+18,"@catturd2 While I feel for the people of Ukraine, I can‚Äôt help but cringe when I hear Democrat politicians say they are concerned about that nation‚Äôs sovereignty, while not giving a crap about our own on the Southern border.",UC
1.4854E+18,"The State Dept. says it will be reducing staff levels at the US Embassy in Kyiv, beginning with the departure of nonessential staff and family members\n\nhttps://t.co/CNdbnUxbwA",PY
1.4854E+18,"Ukraine: Russian Intervention Highly Likely - M.K. Bhadrakumar\nhttps://t.co/Nxfg2KdKCv\nAnother careful, perceptive appraisal from this very experienced observer\n@les_politiques @Nidaba07 @vshelford2 @THDcurnow @GBoyd1982",DY
1.4854E+18,"@simulacrax This is incredibly grim, a new level of total war from what we saw in say the blitz and bombings in Germany. Economic devastation will not win wars though. Also there is much more importance on not fighting in your own country so preemptive attack may be more tempting?",PY
1.4854E+18,"6) now that ‚ÄúPutin‚Äôs puppet‚Äù has been replaced by Hunter‚Äôs dad, Ukraine is at grave risk again",PY
1.4854E+18,"Re. Russia‚Äôs plan to install a pro-Russia govt in Ukraine:\n""All four of the other Ukrainians named in the communiqu√© once held senior positions in the Ukrainian government and worked in proximity to Paul Manafort, former President Trump‚Äôs campaign manager""\nhttps://t.co/CDOQZqojkk",DY
1.4854E+18,"Reason:\nHe knows that an invasion of Ukraine, would put a permanent end to all talk of Ukraine, Georgia, Belarus or any Central Asian states of ever joining NATO or deployment of NATO weapons and troops on their territories without Russia‚Äôs agreement",UC
1.4854E+18,"BREAKING: Anthony Blinken rules out immediate US sanctions against Russia, as imposing them now would undermine deterrence",UC
1.4854E+18,"Thanks @IgnatiusPost!\n""Impose severe sanctions on Russia now, rather than after it has rolled into Ukraine... You cannot permit the Russians to believe you are afraid of an escalation... Restraint does not stabilize Putin. It encourages him.‚Äù\n@SecBlinken https://t.co/47H8P5JOzy",PY
1.4854E+18,@jstans1478 @ABC The US should be pulling back from a lot of places. Russia is waiting for conditions to be more fair to blitzkrieg and enter into Ukraine with their assets and people in their positions in waiting.,UC
1.4854E+18,In the news. Russian invasion of Ukraine eminent. Americans losing confidence in US COVID response. Inflation continues to rise. Most people don‚Äôt think their own farts stink. \nI‚Äôm really tired.,DY
1.4854E+18,"Currently, we're told Putin has called off the invasion because ""It's too muddy for his tanks "" and ""He can't risk offending the Chinese during the Olympics', so it will have to wait until closer to the spring.",PN
1.4854E+18,Putin has calculated that the odds are in his favor.\n\nMy take: https://t.co/CG0GO1MeM5,PY
1.4854E+18,"A month ago on this site I predicted that Putin is likely to invade Ukraine this winter. Since then the White House, among others, have come out with a similar assessment.\n\nLet‚Äôs talk now about how such invasion may unfold and what its primary goals might be üßµ https://t.co/oFEiswnEv6",PY
1.4854E+18,Secretary of State Blinken refuses to rule out #US military involvement in #Ukraine and warns of 'massive consequences' for #Russia if it invades\n\nTalks between him and Russian Foreign Minister Sergei Lavrov in Geneva on Friday saw no breakthroughs.\nhttps://t.co/RQwS7oyZRx,UC
1.4854E+18,"Javelins will not stop the Russian hypersonic missiles; they are for the post first-strike phase, war of attrition. \n#Ukraine #Russia #USA #NATO",UC
1.4854E+18,"@alexpalen1 @McFaul I don't really see near term US plans on the horizon to invade Cuba, Venezuela, etc.---obviously military dudes are totally different from missiles, which would actually threaten the US, but are NOT present in Ukraine and aren't likely to be in the near or medium term future.",PN
1.4854E+18,"It's soul destroying to see the #EU perform like a puppet for #US Imperialism - Why are so many in the #EuropeanParliament buying in to the ridiculous anti #China and anti #Russia rhetoric that has nothing to offer Europe,  but suits US Financial Interests...? https://t.co/2T3uvQlMhS",DN
1.4854E+18,"The time to sanction #Russia is now, before #VladimirPutin starts a continent-wide war. #Ukraine #UkraineCrisis",DY
1.4854E+18,"The president is also considering deploying warships and aircraft to NATO allies, in what would be a major shift from its restrained stance on Ukraine.",UC
1.4854E+18,Russia is encroaching on Ukraine https://t.co/46s4AfoAW8,PY
1.4854E+18,@loganclarkhall I guess #IStandWithUkraine didn't stop Russia either. Sad!,PY
1.4854E+18,"UK: Russia faces serious consequences if it installs puppet regime in Ukraine, says Dominic Raab:Britain accused Russia of plotting to install a puppet leader in Kyiv, as Boris Johnson warned European Union leaders against ‚Äúnaivety‚Äù over Vladimir Putin‚Äôs demands over Ukraine and https://t.co/KLSInsbooV",UC
1.4854E+18,"Su-35S fighter jets' crews have been redeployed to Belarus from Russia's Khabarovsk region to take part in Union Resolve, the countries' joint military exercises, from February 10 to 20 https://t.co/q7fYE6n4Os",PY
1.4854E+18,Secretary of State Antony Blinken meets with Russian counterpart amid Ukraine¬†crisis https://t.co/QxoXlg6JLu,UC
1.4854E+18,"Biden's 'green light' to Putin on Ukraine will have 'ripple effect' throughout the world, critic says\n\nhttps://t.co/WN5K1w7y99",PY
1.4854E+18,"#Ukraineüá∫üá¶ is recalling her reservists. An army of volunteers, like the French citizens in 1792. Effective video, hard not to be moved. https://t.co/OufSnF5ghT",PY
1.4854E+18,Russia is holding a meeting with other members of NATO.\n\nBiden wasn‚Äôt invited because Biden is compromised with Ukraine. \n\nTrue story.,UC
1.4854E+18,"UPDATE: Sources say @FCDOGovUK claim of Russia plot to install puppet regime in Kyiv is based on a UK intelligence analysis. But that analysis drew on various sources, including from the US. It's why I was told by a source the information is based on US-led intelligence https://t.co/zir397lUHe",DY
1.4854E+18,Russia-linked cyberattacks on Ukraine: A timeline https://t.co/hzGzCSsy90 #cybersecurity #mitre #CTI via @CSOonline,DY
1.4854E+18,"No, Putin isn‚Äôt Hitler, and Russia isn‚Äôt Nazi Germany.\n\nBut we‚Äôre still talking about a power-hungry tyrant driven to invade other states and subjugate millions, and it‚Äôs incredible how many people haven‚Äôt learned the lessons of appeasement.",PY
1.4854E+18,#WW3 via @NYTimes https://t.co/kOM9A1cQkz,PY
1.4854E+18,It was USA and UK who masterminded Regime  Change in Ukraine in 2014. \n\n'Russia¬†Secretly Plotting Regime Change In Ukraine': UK Govt Issues Astounding Charge | ZeroHedge https://t.co/g41x2wRoRL,PY
1.4854E+18,So they fired their Navy Chief for telling them the truth. \nRussia is not a threat to the West. \nChina is. https://t.co/IogjU0cqPX,PN
1.4854E+18,Putin attacked Ukraine in 2014.\n\nAnd what was Europe‚Äôs focus since?\n\n#Brexit \n\nWhich is not yet finalised with the English nationalists in London still not happy with Ireland. \n\nAnd now we face war once more on the continent.,PY
1.4854E+18,"And lastly, I think #Blinken is right, and @POTUS is too, no doubt. We MUST watch this very closely and get every detail!! \n\nMy #Ukraine friends, I stand before you, not as a standby, but as a #Jouralist to get the facts right!",UC
1.4854E+18,Putin confronts the mud of Ukraine  https://t.co/zxMhg2Ivoy,UC
1.4854E+18,"#BREAKING ""Ukraine is being armed heavily by the west... the nuclear threat is always there"" @ussc @bwolpe on Russia's access to more than 4000 nuclear weapons #breakingnews #Russia #Ukraine https://t.co/xGm9AQ9S1B",PY
1.4854E+18,"Russia, Ukraine, France, and Germany to hold talks on eastern Ukraine, without US\n\nhttps://t.co/OIPie52TLc",UC
1.4854E+18,"Ukraine's Zelensky asks why the West is waiting to impose tougher measures against Russia. ""I support imposing sanctions now,"" he tells Lally Weymouth. ""Why do you need sanctions after we lose the whole territory of Ukraine?‚Äù https://t.co/lmk2BaiUf9",UC
1.4854E+18,It is so frustrating to see how many European leaders still do not understand the basic of how Russia thinks and operates.,PY
1.4854E+18,.@DevinNunes tells @MariaBartiromo The invasion into Ukraine started in 2014 under Obama and Biden. https://t.co/QijHrbc0uq,DY
1.4854E+18,I just fail to believe this is a bluff from Putin. If that's the case it kind of backfired with Ukraine getting more weapons now than what they had 3 months ago.,DY
1.4854E+18,US is telling Embassy personnel to leave Ukraine.\nThis is Biden's doing. He's the one pushing the war talk.\nHe is going to take this country into WWIII... \nImpeach!!,DY
1.4854E+18,"Russia has deployed troops near the Ukraine border, triggering the worst security crisis to emerge between Moscow and the West since the Cold War ‚Äî in pictures https://t.co/4Nv4CwSsHB https://t.co/Cic7atr6FA",PY
1.4854E+18,"If war breaks out in Ukraine, I refuse to support either the US and its NATO allies or Russia. I will, however, throw my support for the Ukrainian anarchists who have fighting the Kremlin, Nazi street gangs and their government for years.",UC
1.4854E+18,"@JJM_1994 @edglasgow59 look at Ukraine if they still had there nuclear weapons Russia wouldn‚Äôt have gone into Crimea or threatening to invade Ukraine that‚Äôs a fact. It‚Äôs a deterrent. Russia,France,India,Pakistan, Russia,China,UK . All have nuclear deterrents to get rid of ours would weaken us fact.",UC
1.4854E+18,"We're heading for a major war in Europe. If Putin seizes Ukraine, he will set his sights on the Baltics next. This is serious. It's not the moment for internal party divisions and MPs plotting to bring down @BorisJohnson ‚Äì the elected Prime Minister who led us to victory in 2019.",PY
1.4854E+18,In the sky over the #Voronezh region: a #Russian Su-34 fighter-bomber during a training flight. \n\nThe #Voronezh region in #Russia is just a 12 hours and 31 minutes drive to #Ukraine as it is located just northeast over the border with #Ukraine‚Ä¶ https://t.co/9OuocHp6pQ,PY
1.4854E+18,Putin seems willing to accept casualties to take Ukraine. US has yet to use sanctions to dissuade Putin. Why? US isn‚Äôt actually interested in deterring Russia. Arms shipments are simply a virtu signaling effort to claim that we opposed it. Biden handlers support Russia. https://t.co/2VcPRZz69j,PY
1.4854E+18,"If you want to know what Putin will do, go back to the news cycle of 2014 and apply it to what is happening now. The analysis isn't really that different--and neither are the people who are repeating the same talking points. \n\nRinse, wash, repeat.",PY
1.4854E+18,There's a threat of Russia looting such big caches of weapons in a case the invasion truly happens ü§î https://t.co/3wwBhlEc0A,UC
1.4854E+18,"This is disastrous America last foreign policy. Like us on the right have been saying, Russia taking Ukraine does not pose a threat one bit to average American families. The US establishment regime/deep state, nwo will always be the biggest threat to American families. https://t.co/2lhkTBA5Kw",UC
1.4854E+18,This is nothing but a desperate attempt to revive his poll numbers at the risk of our troops. Disgusting and we see right through it. ü§¨\n\n4 years of Trump. We didn‚Äôt start or get into a war. But he was the threat to world peaceüò°üò°ü§¨ü§¨ #BidenWorstPresidentEver #Ukraine https://t.co/1OWUkNflFX,PY
1.4854E+18,"Reason: \nFear of shifting military power balance between Kiev and Donbas separatists. Putin observed the Karabakh War last year and has a good appreciation for what a military armed with modern NATO weapons, such as Turkish TB2 drones, can do to retake territory",PY
1.4854E+18,"Sorry Ukraine but if Russia invades that‚Äôs on y‚Äôall to deal with not us, this shit ain‚Äôt worth starting WW3 https://t.co/N5tHeUb7UZ",UC
1.4854E+18,Who gives a fuck about Ukraine.  They are another corrupt Government and the Deep State Cabal uses Ukraine to launder tax payer funds.  Let Russia take them over. https://t.co/A7RyRCTU15,UC
1.4854E+18,U.S. and #Russian #diplomats say talks on #Ukraine could continue. Listen to RANE's Podcast on options for the standoff over Ukraine: https://t.co/DA1Q5K8aqO https://t.co/LiDv72ATRO,UC
1.4854E+18,"‚ÄúDo not travel to #Ukraine due to the increased threats of #Russian military action &amp; COVID-19‚Äù\n\n‚ÄúThe security conditions, particularly along üá∫üá¶ borders, in Russia-occupied Crimea, and in Russia-controlled eastern Ukraine, are unpredictable and can deteriorate with little notice‚Äù https://t.co/yXUVT4aNdQ",DY
1.4854E+18,"@Nerdy_Addict Growing up in central Europe, I would say that, even if Putin advances into the Ukraine, the US will not send in troops or use military force. The US would try to freeze Russian assets, and attack with cyber attacks.",UC
1.4854E+18,Tension is building between NATO and Russia over Ukraine. #Ukraine #Russia #NATO \n\nhttps://t.co/yw1sBneLQo,PY
1.4854E+18,"Yes, many people are anxious about Putin's threats of attack, but they and others are going about their lives as usual because what can they honestly do? My friends ask me if I am safe. I am as safe as I can be with Putin and Russia bordering Ukraine (shrug).",UC
1.4854E+18,"As long as Putin is President of Russia and the Russian people are content with him, threat of an attack from Russia will always be a reality. Each time I visit Ukraine, I know Putin can attack. It doesn't stop me from visiting here. If Ukrainians can deal with it, so can I.",PY
1.4854E+18,"Britain accused the Kremlin of seeking to install a pro-Russian leader in Ukraine, and said Russian intelligence officers had been in contact with former Ukrainian politicians as part of plans for an invasion https://t.co/m2NjVNQY12 https://t.co/6xhlLTeVWf",DW
1.4854E+18,"If Putin invades Ukraine, NATO will lose all credibility. https://t.co/QRngXVVSjp https://t.co/NDJpYZJVq3",UC
1.4854E+18,"Another day, another report on a dastardly Putin plan: 'Russia is currently plotting to topple the existing government of Ukraine in some way using some method and then somehow install a puppet regime that is sympathetic to Moscow using some sort of means' https://t.co/nUYnpgqKOD",PN
1.4854E+18,I wonder what will happen to the financial market when Russia invades UkraineüíÄ,PY
1.4854E+18,i'm being fr apparently russia wants a full out war with ukraine(?) and its allies\n\nthis might be misinformation though. i rlly hope it is. https://t.co/OV8OjfYEdM,PY
1.4854E+18,U.S. State Dept. says there are reports #Russia is planning significant military action against #Ukraine,DY
1.4854E+18,Pantsir-S batteries on the move somewhere in #Russia. Likely also going to #Belarus.\nhttps://t.co/KKkaU3Vy9c,PY
1.4854E+18,"Signal:\nThe information battlefield is now being prepared for a provocation that can be pinned on Ukraine, US or NATO (or all 3).  They will be used as part of an excuse to justify an invasion\nhttps://t.co/KD6txalWx4",DY
1.4854E+18,"Biden is threatening a military response if Russia invades Ukraine and is also sending a ton of free weapons to Ukraine. Not one reporter or member of Congress has asked ""How are we going to pay for that?"".",UC
1.4854E+18,Latvian defense minister says Baltic states will deliver Ukraine Stinger missiles capable of shooting down helicopters. More Javelins too. Comes after Politico reported US approved transfer. Troops I saw this week said both things are near the top of their Western aid wish lists. https://t.co/NiWsrVMQjx,PY
1.4854E+18,Pfff... Can it stop please. Let's TALK! #Ukraine #WARNING #NATO https://t.co/sDkdSIemr4,UC
1.4854E+18,"If/When Russia invades Ukraine expect Tucker Carlson and many Trumpers to cheer for Putin to win that battle. To MAGA, Putin is the type of white nationalist, dictator they want to rule the USA. And for those who forgot:  white nationalists LOVE Putin.  https://t.co/WtYwRqpHaZ",UC
1.4854E+18,The Biden Ukraine scandal has made a war more likely. https://t.co/khuzToONAs,PY
1.4854E+18,YIKES - Please let there be peace. \n\nState Department orders family of embassy staff to leave Ukraine \n\nhttps://t.co/KybCn7c936,UC
1.4854E+18,"Help me connect dots...\nFriday: US/RUS officials meet, agree that diplomacy makes sense regarding Ukraine \n\nSaturday: ???\n\nSunday: U.S. State Dept. orders families of U.S. Embassy staff in Kyiv, the Ukrainian capital, to evacuate",UC
1.4854E+18,The Washington Post\n\nU.S. threatens use of novel export control to damage Russia‚Äôs strategic industries if Moscow invades Ukraine\nBy Ellen Nakashima and Jeanne Whale \n\nMAYBE WE SHOULD ALREADY HAVE DONE THIS TO KEEP THEM OUT OF OUR ELECTIONS!\n\nhttps://t.co/ujyiQIby7s,UC
1.4854E+18,"Which suggests the US is prepared to give Russia something, and maybe several things, in exchange for not invading Ukraine. If that happens, Putin's brinkmanship will have paid off -- again. https://t.co/CX9aMfQrUq",PN
1.4854E+18,@McFaul There will NOT be a war if Ukraine is given NATO membership.  Putin would never fight a military that's so much bigger and stronger than his.  Call his bluff.,DN
1.4854E+18,"Remember when Trump's approval numbers were in the tank in Jan 2020 &amp; he tried to start a war w Iran by killing one of its top generals trying to up his approval ratings while being impeached? Well, Joe Biden's trying to do the same thing by trying to provoke war with Russia!",PY
1.4854E+18,"If Russia attacks and tries to invade Ukraine, is this the end of Russia?",UC
1.4854E+18,"Russian ships, tanks and troops on the move to Ukraine as peace talks stall https://t.co/lwLJBHUQ0g",PY
1.4854E+18,"Drums of World War III are beating, Russia and China are preparing for a huge action and the West is weakening itself by releasing hand of the tyrannical regimes, supporting them and arming them to shed the blood of their people.\n#YemenCantWait\n#TigrayCantWait\n#IsraeliApartheid",PY
1.4854E+18,@rianru 'Russia is not an enemy of Europe' I had hoped but now it looks like Russia is looking for peace like an Austrian painter for the corridor to Danzig. #Crimea is now #Russia? #Donbas is #Russia? Next #Kyiv will be Russia? Next #Riga? #Vilnius? #CoFoE https://t.co/NNvUff5YJv,PY
1.4854E+18,"Russian attack on Ukraine is imminent:\n\n- Americans, Baltics, Czechs, Brits send weapons\n\n- France announces another empty plan for new European security infrastructure nobody gives a crap about\n\n- Germany sends excuses why it keeps being corrupted by dirty Russian money.",DY
1.4854E+18,"Here we go...\nState Department reduces staff at US embassy in Ukraine, orders some family members to leave\n\nhttps://t.co/HRGMmqBQoK",DY
1.4854E+18,Analysts quoted by media reports indicated that China President Xi is likely to have a significant influence on Putin's manoeuvre on Ukraine as it is not in China's favour for Russia to trigger a global security crisis ahead of the upcoming Beijing Winter Olympics in Feb,UC
1.4854E+18,Russia lost hundreds of soldiers in the Donbas in 2014-2015 and did not withdraw. They're still there. https://t.co/wJbcgOzPns,PY
1.4854E+18,"No reason to leave Kiev. Just like Tbilisi, urban capital centers are not on the docket for Russia to attempt to take over and control. Its too costly. https://t.co/a6folAlHPE",PN
1.4854E+18,"I fear that we underestimate what is going to happen to Ukraine. I fear a real catastrophy. I know that in general people don't believe that catastrophy can happen, we have some sort of positive outcome biais maybe, but history is full of exceptions. Covid is a good example.",PY
1.4854E+18,1-23-2022 Biden's Wag The Dog---Let's Stay Out Of Ukraine https://t.co/jAPydnPOb7 via @YouTube,PY
1.4854E+18,@SkyNews Shouldn't U.S be responding to Russia's invasion like they did in other countries? When is does U.S always chicken out when China or Russia is involved?,PY
1.4854E+18,"Russia justifies its military buildup on Ukraine's border by saying that it has a sovereign right to move kit around on its territory. That same sovereign right does not extend to others, though. Especially not to its neighbors. https://t.co/ow1lbo9XIW",UC
1.4854E+18,85% chance Russia attacks Ukraine.\n\nI pray America and NATO stay out of it.  \n\nAlmost all American men are prepared to die for our country. But if we're attacked! Not for some corrupt country in Europe!!,DY
1.4854E+18,Psaki says the administration has notified Congress of the US' intent to deliver Mi-17 helicopters to Ukraine.,PY
1.4854E+18,Hey Biden voters...did you want war? This is all on you. #Biden #UkraineCrisis #Ukraine #Russia https://t.co/wLqZJSjtln,PY
1.4854E+18,One of the most misunderstood things about modern conflict: Russia did not take the Donbas with hybrid warfare in 2014. It took it with conventional warfare. https://t.co/h2218YZBKH,PY
1.4854E+18,"@yermolenko_v @LevHavryliv Russia violated British sovereignty when it poisoned the Skripal family.\nüá∑üá∫ violated Czech sovereignty by blowing up an ammunition depot.\nüá∑üá∫ has blatantly violated Ukrainian sovereignty and launched Low-intensity war, hybrid war, cyberwar, annexation...\nhttps://t.co/4lgVGKerTI https://t.co/0WpLTc43h3",DY
1.4854E+18,@josh_hammer So at what point do we stop Russia? Once they have taken a quarter of Europe? Half of Europe? All of Europe?,PY
1.4854E+18,"Things seem to be getting dicey.\n\nState Department orders diplomats' families to leave U.S. Embassy in Ukraine, citing ‚Äòthreat of Russian military action‚Äô https://t.co/ezTCE6xVYi",PY
1.4854E+18,"Lesson for Central Europe from German and French collapse on the Russian attack is clear:\n\nWe must rely on U.S. and U.K. and ourselves in defense against Russian military threats.\n\nNATO only and likeminded coalitions, no reliance on Germany or France. \n\nSad but true.",UC
1.4854E+18,#Russia has now moved 10x times as many S-400 air defense missiles to #Belarus as #Ukraine has fighter jets.\n\nPlacing these systems on the border with #Poland (with #Warsaw in range) serves only one purpose: to deny #NATO access to #Ukraine.\n1/2 https://t.co/JcRC9sVVzJ,DY
1.4854E+18,Fucking Putin. This won‚Äôt be pretty. \n\nThe State Department ordered the families of all personnel at the US Embassy in Ukraine to leave the country amid heightened fears of a Russian invasion. #Putin https://t.co/WHIwbZ5Ete,DY
1.4854E+18,Fun fact: the Swedish language has a word that describes the fear of Russia invading your country -&gt; ‚ÄòRysskr√§ck‚Äô \n\nAnd I think that‚Äôs beautiful ngl,UC
1.4854E+18,"Russia is mobilized to launch an offensive against Ukraine along 7 fronts: from the Union State of Russia and Belarus, from the Russian Federation, from Russian-occupied Donbas, from the Sea of Azov, from Russian-occupied Crimea, from the Black Sea, from Russian-occupied Moldova. https://t.co/LLKL4TpmH2",DY
1.4854E+18,"#Ukraine üá∫üá¶'s Volodymyr Zelensky has lobbied Western countries impose immediate sanctions on #Russia üá∑üá∫ \n\nHowever, both the United States üá∫üá∏ and European Union üá™üá∫ have ruled out imposing pre-emptive sanctions over Russia's escalations in Ukraine",PY
1.4854E+18,Pompeo- Russian President Vladimir Putin is acting aggressively during the Biden-era because the Russians do not view Biden as credible.\nhttps://t.co/9mMFIjkE3q,PY
1.4854E+18,#Russia will invade #Ukraine this week and there is nothing #NATO and #Biden can do about it #SmallInCrusion #BidenIsALaughingstock,DY
1.4854E+18,US threatens use of novel export control to damage Russia‚Äôs strategic industries if Moscow invades Ukraine  https://t.co/LwrzZK8wx0,UC
1.4854E+18,"Biden isn‚Äôt considering anything, his handlers are, and they‚Äôre about to put us in a war with Russia.\nFFS, God help us. https://t.co/5zVc6UB2tC",DY
1.4854E+18,"@cerberus_good @EndGameWW3 Totally agree.  If Russia is bluffing and gets no concessions and simply sends troops back, it would be IRRELEVANT FOREVER on the world stage.  No way this is a bluff.",DY
1.4854E+18,Germany watching USA and Russia about to go to war this week #Ukraine https://t.co/BG9R2cJmfe,PY
1.4854E+18,"There is no articulated reason to start a war with a nuclear power over Ukraine.\n\nThe situation is tragic, but the world is full of tragic border wars, civil wars, and ethnic cleansings, we‚Äôd need a damn good reason to intervene in this one.\n\nWithout one, we need to keep away.",UC
1.4854E+18,"Why should the Russia-Ukraine tensions matter to Americans? Since WWII, the world has uniformly seen the spread of democracy led by the US. Russia is an autocracy trying to overtake Ukraine, a democracy. This is simply authoritarianism vs democracy. https://t.co/QXKQvAn8Y7",UC
1.4854E+18,Russia is creating and spreading false narratives to protect the Kremlin‚Äôs image and justify its actions abroad and domestically. Learn the facts: https://t.co/9dAsAKv3hy. https://t.co/jnMWGkZalf,PY
1.4854E+18,"#UKRAINE CRISIS:  #US ‚ÄòToolboxes‚Äô Are Empty, #Russia knows this, #Biden knows this, #Blinken knows this, even #CNN knows this.  https://t.co/EupmcLs1US",PY
1.4854E+18,You don't have to be an expert in geopolitics to sense the claims being made by the press that Putin is on the brink of invading Ukraine is probably BS. The Fake News lied about Russian collusion and Russian bounties. Why would anyone believe their claims about Russia now?,DN
1.4854E+18,"@Reuters IOW, and open invitation to Putin to move forward with the invasion.",PY
1.4854E+18,"It's of course possible that Russia does plan to invade Ukraine and install a new government, but this conclusion largely derives from US and ""Western"" intelligence sources, which don't exactly have a good recent track record of providing trustworthy information related to Russia",UC
1.4854E+18,Why the mass panic first thing this morning ?\n\nRussia invaded Ukraine or something ?\n\nA bit bewildering.,UC
1.4854E+18,Vladimir Putin is capable of invading Ukraine at any moment. We must be clear about the repercussions of those actions and continue to ensure Ukraine has the means necessary to defend itself. https://t.co/p2wFMqOu65,DY
1.4854E+18,will the U.S go to war with Russia over the Ukraine debacle? lol,UC
1.4854E+18,Shit's going down soon... #Russia #Ukraine https://t.co/kQH1aHwszL,DY
1.4854E+18,@washingtonpost The attack about to begin and it's not going to be pretty and easy this can get out of control into War War 3.,DY
1.4854E+18,I‚Äôve got a very bad feeling about the situation with Russia‚Ä¶. Anyone surprised? üòÜ,PY
1.4854E+18,"It's easy to get suckered into the drama of counting the tanks and missiles of each side, but I remain skeptical that Russia is on the brink of invading Ukraine. I do how, however, believe Putin is outmaneuvering NATO diplomatically.",PN
1.4854E+18,"With each passing day that Russia does not invade Ukraine, the US comes up with more ridiculous reasons for why the invasion has been postponed.",DN
1.4854E+18,"I believe the whole story of a Russian invasion of Ukraine started as a US-led operation to pressure the Russians into bending to the West. Now, the US appears to be in a frenzy, as it tries to maintain the fiction that any day now, Putin will launch the first strike.",DN
1.4854E+18,"US preparing for #Russia military action in #Ukraine but does not confirm if Putin made decision. \n\nEvacuation is part of US contingency &amp; precautionary measure as circumstances may change, get complicated if Moscow invades with ~ 127,000 troops on border. And Post-Afghanistan..",PY
1.4854E+18,‚ÄòNo doubt‚Äô Russia is ‚Äògoing to war‚Äô: Siracusa https://t.co/dwuJGViomw,DY
1.4854E+18,"In 1979, Russian, that time called Soviet Union, invaded my country, #Afghanistan, and yet still we suffer from that Invision. They destroyed all our infrastructures. Now I feel like #Ukraine will have the same fate.",PY
1.4854E+18,"""RUSSIA EXPECTED TO INVADE UKRAINE - AT ANY MOMENT"" ""NON-ESSENTIAL EMBASSY PERSONNEL &amp; FAMILY MEMBERS ORDERED TO LEAVE UKRAINE IMMEDIATELY. ALL U.S. NATIONALS ARE WARNED THAT THEY ARE NO LONGER SAFE &amp; SHOULD IMMEDIATELY DEPART."" https://t.co/PELY6cC0bu",DY
1.4854E+18,"All this talk of Russian invasions takes me back to my days with the 1st Armored Division in Ansbach, Germany. In the unlikely (but still possible) event of a USSR attack, our job was to ""slow them down."" We were not expected to survive. #ThanksButNoTanks",UC
1.4854E+18,"Largest Chinese incursion in months into Taiwan's ADIZ. US has 3 carrier strike groups nearby with an apparent ""Don't even think about it"" message for Beijing. Meanwhile situation in Ukraine still very tense. https://t.co/J1YKWQa4zn",UC
1.4854E+18,Everyone worried about Russia and Ukraine. Don‚Äôt let the media divert your attention from the entire world.  Shit is about to pop off like no other and so many lost souls are clueless https://t.co/jGzK9xmkLy,DY
1.4854E+18,"Putin, while amassing troops on the Ukraine border, is not moving them in.\nBe aware: while he's waving a hand to get your attention at the Ukraine border: what else is he up to that we can't see?",PN
1.4854E+18,So basically its going down in Ukraine this weekü§¶üèæ‚Äç‚ôÇÔ∏è,DY
1.4854E+18,The #US Air Force is packing #Javelin's for #Ukraine:\n\n‚Ä¢ 100x missiles per pallet\n‚Ä¢ 24x launch units per pallet\n‚Ä¢ 1x C-17 can carry 18x pallets https://t.co/gXYp6fkq7O,PY
1.4854E+18,"remember that Russia is 'amassing troops on the border' INSIDE OF RUSSIA! \nIN THEIR OWN COUNTRY!\nMeanwhile, this is what the world looks like with US troops 'amassing' in every fucking nation on this planet. https://t.co/4ZraqMZEov",PN
1.4854E+18,"Here's the deal. An insane man sold out our nation to Russia, which is now ready to invade Ukraine while Nazis threaten to kill those if us who resist them at home. https://t.co/Jh6ieDL1p5",PY
1.4854E+18,"""I think we're basically just on the cusp of war. I think it's all but certain in my mind that there's going to be a large European war... My concern now is making sure that the U.S. is postured for that outcome... The ball is in Putin's court"" - @AVindman w/ @NicolleDWallace https://t.co/QXiGv4B9as",DY
1.4854E+18,"With Putin poised to invade, Germany's refusal to help Ukraine defend itself against Russian aggression is a popular new meme theme on Ukrainian social media https://t.co/y4Pr36jgdg",PY
1.4854E+18,"As Putin threatens Ukraine, the US dismisses Russia's claim to a ""sphere of influence.""\n\nYet under the Monroe Doctrine, the US has for two centuries claimed such rights for half the globe.\n\nA nicely-written history lesson by Peter Beinart (@PeterBeinart).\nhttps://t.co/RlTcueXPGC",PY
1.4854E+18,"Why Ukraine Wouldn‚Äôt Be a Cakewalk For Russia‚Ä¶For all the assessments of Putin as a geopolitical mastermind, he could be in over his head when it comes to Ukraine. Via @melindaharing https://t.co/iTnRZEtomh",UC
1.4854E+18,"@La_Julica @Reuters @ThePerezHilton Nah, Putin just wants some attention",PN
1.4854E+18,@RepThomasMassie @SameeraKhan There should be no future war in Ukraine with any participants.,UC
1.4854E+18,@flcodeslinger @axios Russia invades and the Nord2 Stream is over.,UC
1.4854E+18,"Putin tried to do a coup in the United States  &amp; now in Ukraine. It is his style. If you do not think Putin did not help trump &amp; his crew, you have not been paying attention. Putin was not successful so now he will try to take over Ukraine &amp; blame Biden to get GOP in &amp; take over.",PY
1.4854E+18,@shashj The Russians have manoeuvred themselves into a position where they face a highly risky military campaign that could backfire badly with no realistic political endgame or they walk it all back and look like bluffers deterred by Ukraine and NATO. Russian diplos look paralysed,PY
1.4854E+18,UK government warns the Kremlin is scheming a pro-Russian coup in Ukraine and Yevhen Murayev is a potential leader. Here is what we know about him https://t.co/rMh9vzawCW,PY
1.4854E+18,"Britain says Russia will face 'severe' consequences if it invades Ukraine https://t.co/pkdqvU0YAd via @nypost \n\nWhat a crock of shit, they always say the same Nonsense. Ive heard that Putin is the richest man in the world 600-800 billion. What are they going to do to him?",UC
1.4854E+18,"Totally correct. If Russia invades the rest of Ukraine, there is nothing to stop the US from invading Cuba. Or Mexico. #uspolitics https://t.co/Dz83gM5smz",UC
1.4854E+18,"@caitoz And this: An anonymous diplomat in Beijing said it is ""possible"" that Chinese president Xi asked Russian counterpart Putin, who he has called a ""friend"" and invited to the Olympics, ""not to invade Ukraine during the Games"", Bloomberg reported. üòÅ",PN
1.4854E+18,"Again, if your only conception of how Russia will use force is a large-scale occupation, you're likely exaggerating how many casualties Russia will face.",UC
1.4854E+18,America starting a war with Russia because Biden‚Äôs polls are down is a new low.,PY
1.4854E+18,Whoa: Incredible statement from the UK government: \n‚ÄúWe have information that indicates the Russian Government is looking to install a pro-Russian leader in Kyiv as it considers whether to invade and occupy Ukraine.‚Äù\nhttps://t.co/iT3U0T0dTn,PY
1.4854E+18,"Putin's record isn't perfect, but he has more experience using military force than any other leader in the world. Is there much evidence that Russian casualties sustained in these conflicts significantly hurt his domestic approval? We shouldn't underestimate him.",PY
1.4854E+18,"What‚Äôs happening in Ukraine is so interesting because of how extremely different the best and worst case scenarios are. \n\nThe best case scenario is a very boring diplomatic resolution, the worst case scenario is literally WWIII.",UC
1.4854E+18,"@BreakingLive_ It is a psychologist game, sooner or later they will invade Ukraine, but not because they want to do it, but because the Americans are convincing them to do it",PY
1.4854E+18,The UK has accused the Kremlin of seeking to install a pro-Russian leader in Ukraine as fears of a Russian invasion of Ukraine grow.\n\nRead more: https://t.co/dpL8tBuQjw https://t.co/OI65FLw5eA,PY
1.4854E+18,"My latest on Western hysteria and lies regarding Russia and Ukraine, for CounterPunch.https://t.co/2cUADC56Se",PN
1.4854E+18,@GermanyDiplo @GermanyNATO @StateDept  seriously the German Govt considers the Russian build up a ‚ÄúBorder Crisis‚Äù wtf? #German #NATO #UkraineCrisis #Germans #Ukraine #Kyiv #Berlin #America #US #Baltics https://t.co/7DpPm3g9AT,PY
1.4854E+18,"Russia's war against Ukraine has been going on for almost eight years, 14k people have perished, but @KuehniKev refer to the war as ""territorial dispute"". This is an outrageous statement. That statement expose a terrible and inhumane world view.",DY
1.4854E+18,#Russia‚Äôs Desert Storm: Putin‚Äôs Plan To Use America‚Äôs Military Playbook Against #Ukraine? (By @annaborsh) -\n https://t.co/ecgyktxxPr,UC
1.4854E+18,The spark of war could break out at any moment.\n\n#Russia #Ukraine https://t.co/vFfn2SLIrK,PY
1.4854E+18,"@Liz_Cheney Interesting how Russia is about to invade the  Ukraine, dems blame trump. China is motivated to take Taiwan by our inaction, but the presidents family fortune lies with China so we will do nothing, socialists want to control America. Push is coming to shove, time to pick a side.",PY
1.4854E+18,You notice how amidst all this war with Russia noise absolutely no one has asked how we're gonna pay for it?,UC
1.4854E+18,"Russian military convoy of four S-400 surface-to-air missile launch vehicles in Samara Oblast 1,100 kilometers east of Moscow on the way to the border area with Ukraine today. https://t.co/82CnD0FtN3",PY
1.4854E+18,"UPDATE: #Biden on #Ukraine\n\n‚Ä¢ ‚ÄúMy guess is he [Putin] will move in‚Äù\n‚Ä¢ ‚ÄúIf they invade, they‚Äôre going to pay‚Ä¶Depends if it‚Äôs a minor incursion‚Äù\n‚Ä¢ ‚ÄúDisaster for Russia‚Äù\n‚Ä¢ ‚ÄúDecision is totally‚Ä¶Putin‚Äôs‚Äù\n‚Ä¢ Unclear if Putin has decided\n‚Ä¢ ‚ÄúMost consequential thing‚Ä¶since WWII‚Äù",UC
1.4854E+18,"Putin has fabricated?  :/\n\n2014 US orchestrated Kyiv coup removed east-leaning democratically elected President.\n\n(don't get me wrong, Ukraine was a mess in 2013 - all political candidates were oligarchs) https://t.co/JboB6v3j5O",UC
1.4854E+18,"The same people who lied to you about #Iraq, about #WMD, about #Libya and the Viagra-fuelled army there, about #Syria, are lying to you again about #Ukraine. And a disturbing number of you believe the lying liars all over again. What‚Äôs wrong with some people? #Russian",PN
1.4854E+18,"""let's go fight a war in The Ukraine!"" https://t.co/d7RloajeVU",PY
1.4854E+18,"Put 20 February in your diaries: The Russian-Belarusian military exercises end in Belarus on the same day the Chinese Olympics close. In planning to invade Ukraine, Putin wouldn't want repeat mistake of invading Georgia during 2008 Chinese Olympics (Beijing was angry about this)",PY
1.4854E+18,"JUST IN: \nSec Gen Stoltenberg says #NATO has information confirming US claims of a ""significant Russian presence of intelligence officers or operatives inside Ukraine."" \n\nHe says it's ""absolutely possible"" they're planning ""incidents, accidents, false flag operations."" https://t.co/tNoUnDECCp",DY
1.4854E+18,Is #CreepyJoeBiden going to start a war with #Russia to distract from his other disasters?  #FJB #LetsGoBrandon #Ukraine https://t.co/sxUxCNxfAj,PY
1.4854E+18,"@amazzara1 I am.  Good thing we don‚Äôt have a Putin fanboy in the White House anymore, eh?\n\nIn my lay opinion, I highly doubt the posturing is all bluster.  Invasion coming.\n\n@RemindMe_OfThis in 12 months",DY
1.4854E+18,@PatrickGrattan Russia will quickly own the airspace over Ukraine. Ukraine would need exceptionally skilled pilots and the latest countermeasures to even have a minor chance of operating in their own airspace.,UC
1.4854E+18,The US Must Prepare for War Against Russia Over Ukraine https://t.co/CPaN6yK1vo via @DefenseOne,UC
1.4854E+18,"Biden's 'green light' to Putin on Ukraine will have 'ripple effect' throughout the world, critic says\n\nhttps://t.co/IKwQ7G9TBi",PY
1.4854E+18,Melinda Haring (@melindaharing) explains why Ukraine wouldn't be a cakewalk for Russia if Putin decides to proceed with his threats of a full-scale invasion \n\nhttps://t.co/t1DT1Jcw06,UC
1.4854E+18,"Analysts say the standoff between #Russia and the West over #Ukraine, which could bring new sanctions against Moscow, is likely to tighten the Kremlin's bond with #China even more. \nhttps://t.co/iXyNluvjXX",UC
1.4854E+18,Russia Masses Iskander-M Ballistic Missiles Near Ukraine As Its Build-Up Is ‚ÄúAlmost Completed‚Äù https://t.co/C3ZjqzsOVp,PY
1.4854E+18,US State Department says there are reports that Russia is planning significant military action against Ukraine,DW
1.4854E+18,How do you manage a hot war with Russia without either side firing nukes at each other's cities? You probably don't. How do you stop a determined Putin without a hot war? You probably don't. https://t.co/uR1yxoffvG,UC
1.4854E+18,"Is anyone else suspicious of this new threat to Ukraine by Putin? They have begun removing ""nonessential""US citizens. I can't help but feel chump &amp; the rethugs had a deal with Putin to do all this now that he didn't get to lie his way into staying in the WH.",PY
1.4854E+18,Wait is Russia invading Ukraine?,UC
1.4854E+18,"Evacuating embassy families immediately out of Ukraine. Just hope Biden is not blamed for this war.  He has done everything right except slip  of \nTongue when he told the truth about a NATO divide, particularly Germany bec of Russian pipeline.",PY
1.4854E+18,"@darrengrimes_ I find it weird that the media is saying that Russia is threatening to attack the Ukraine and so the US, the UK France and others send their troops to Ukraine to help out on the borders of Russia How would we feel if Russia came and helped Scotland arm themselves against England?",UC
1.4854E+18,"Timing of this is important. Japan is on the other side of the world to Ukraine, so if they're saying this now... üò¨\n\n@ICSI_OSINT predicted movement by this coming Saturday... let's see how accurate that prediction was! https://t.co/vKH2YzyM6B",UC
1.4854E+18,Russia really about to invade Ukraine right now,DY
1.4854E+18,"@FeistyPK2 You know Putin didn't move all that military equipment there to leave. His intentions were to invade the whole time we shall see, ü§°",DY
1.4854E+18,"That‚Äôs right, folks. Irish MEP thinks US ‚Äúimperialism‚Äù is responsible for the crisis in Ukraine. Definitely cannot be the 120,000 Russian troops massed on the border of a country they invaded and occupied in 2014, with 15,000 casualties since.\nIt was Washington all that time! https://t.co/2Fk26zhF3p",PY
1.4854E+18,"This is not good ‚Ä¶.State Department orders diplomats' families to leave U.S. Embassy in Ukraine, citing ‚Äòthreat of Russian military action‚Äô https://t.co/S5aoz7C3Qi",DY
1.4854E+18,Biden took the troops out of Afghanistan to start a war with Russia. @ComfortablySmug https://t.co/Bp6CA3uESt,PY
1.4854E+18,"It's nothing short of stunning how the US Govt continues to convince its journalists that its motive in places like Ukraine is to defend democracy when -- leaving aside from the coup the US engineered in Ukraine -- the US props up the tyrants of Saudi Arabia, UAE and Egypt.",PY
1.4854E+18,@Nerdy_Addict Putin itching for a fking war.,PY
1.4854E+18,It will be Bidens war. Biden gave Putin power with oil pipe line &amp; took ours away on day 1. Biden gave green light to invade just a little then dems will fight over sanctions he said! He will do anything even invade USA with illegals to keep WH democrat.\nSanctions Now &amp; Cut Oil. https://t.co/2d5b9QO11w,PY
1.4854E+18,Does the Biden Administration want Russia to invade Ukraine to take the focus off how inept they are? What a disgrace. #CoalTwitter,PY
1.4854E+18,"We need to keep repeating \nZbigniew Brzezi≈Ñski's succinct insight: ‚ÄúIt cannot be stressed enough that without Ukraine, Russia ceases to be an empire, but with Ukraine suborned and then subordinated, Russia automatically becomes an empire.‚Äù",PY
1.4854E+18,"Ukraine keeps calm, but readies its bomb shelters, amid growing worries of a Russian invasion. My report on the mood in Kyiv (with photos by ‚Å¶@begemotus_‚Å©) https://t.co/OtROzGmwnU https://t.co/RpHbuWXIWQ",PY
1.4854E+18,President Biden has so many tools to use against Russia without war.,UC
1.4854E+18,"If RU moves on Ukraine (and I think it's vanishingly unlikely that they don't) those Javelin missiles and 50 cal ammunition will just make them somewhat more painful speedbumps. Godspeed to making them pay a bit, but it simply can't change that outcome.",DY
1.4854E+18,"Who would have thought,  Ukraine would be the fuse to ignite ww3",PY
1.4854E+18,Ukrainian industries hold the key to Russia‚Äôs future military relevance and Putin wants it bad. Will Biden roll over and capitulate?https://t.co/sPzrifXS2r,UC
1.4854E+18,@ggreenwald @getcallin @qaomene How many sovereign nations can Russia invade before we should be worried?,PY
1.4854E+18,Breaking: ‚ÄúState Department reduces staff at US embassy in Ukraine.‚Äù This could mean Russia is about to invade. \nhttps://t.co/X3NPsITrbQ,PY
1.4854E+18,So much uncertainty in the world right now.\n\nGlobal economic collapse\nWW3 Russia/Ukraine\nCorona Variants\n\nIs 2022 the beginning of the end or is the market over reacting to something that isn't. Just like march 2020 and will quickly recover as it usually does.\n\nOpportunity.,UC
1.4854E+18,"If Trump was in the White House, there wouldn't be 100,000 Russian troops on the border with Ukraine right now, preparing to invade.",PY
1.4854E+18,Here is my take on Ukrainian. \nPutin is nearing 70! \nThe PEOPLE of RUSSIA REALLLLLY do want him gone! \nBut he is KGB and KILLS (LITERALLY) any opposition. \nHe will push it to the end! \nRemoval of American Embassy people is wise! \nSupporting UKRAINIAN is wise! \nSTAND TOGETHER!,PY
1.4854E+18,"#USA \n‚ÄúThere are reports Russia is planning significant military action against Ukraine,. The security conditions, particularly along Ukraine‚Äôs borders, in Russia-occupied Crimea, and in Russia-controlled eastern Ukraine, are unpredictable and can deteriorate with little notice.‚Äù",DY
1.4854E+18,"@CNN Biden's handlers want war with Russia, so combat will happen.\nI hope they support Taiwan in the same way.",DY
1.4854E+18,Russia also has some of the best electronic warfare (EW) systems in the world. They will be used to blind Ukrainian air defense in the initial hours before they are destroyed with fires. Expect to see extensive use of the new Orion UAVs as well,PY
1.4854E+18,"As a Russian invasion of Ukraine looms, Pope Francis calls for worldwide prayer\n\nhttps://t.co/Vz6a5zVI0c https://t.co/4NNkFVuyqp",PY
1.4854E+18,in fact Russia's influence on Ukr. internal politics is falling. Medvedchuk's party losing popularity (10-12% now; drop from a year ago); Murayev is not a big thing (around 3-5%). Clear: Russians losing Ukrainians' hearts and minds. Military is the only argument left #analysis,PY
1.4854E+18,"I don't have a preferred option to deter Putin from toppling an elected government in Ukraine, as I don't have access to intel assessments of likely Russian reactions. I can say what I'd be willing to risk. Not nuclear war, but most anything else.  https://t.co/hp3Jr74k0b",PY
1.4854E+18,@Victor97011753 @cnnbrk Russia's only move is to back down.,DN
1.4854E+18,"@RednorthUK Youj mean Russians assembled inside Russia? Whereas the British and other NATO troops inside Ukraine are what, exactly, old fake?",UC
1.4854E+18,"In the Ukraine-Russia crisis, Biden bumps against the limits of U.S. power\nhttps://t.co/pQRjAPiBzJ",UC
1.4854E+18,"Ukraine taking UK claim of Russian invasion plot seriously, says adviser https://t.co/bDzFVD9hDE",PY
1.4854E+18,Russia about to attack Ukraine. Yikes,DY
1.4854E+18,"In my personal opinion, this will be the week that makes or breaks a lot of traders. \n\nInvasion in Ukraine\nMargin Call Monday\nShort Covering Tuesday\nEarnings\nFOMC Wednesday\n\nI have a challenge for all traders this week‚û°Ô∏è‚û°Ô∏è",UC
1.4854E+18,And so WWIII began in Ukraine‚Ä¶not surprising.,PY
1.4854E+18,"If Russia attacks Ukraine, they must pay a significant price for their intrusion. No slap on the wrist by sanctions but by overwhelming military force pushing the Russians out Ukraine entirely and ceding the Crimean peninsula back to Ukraine. Russia needs to be taught a lesson.",UC
1.4854E+18,"@RALee85 I cannot see how NATO/whoever stops Putin at this point. Ukraine not in NATO so no article 5, NATO split anyway, Ukrain gave up it's nukes, plus on Russia doorstep. The only calculation Putin has to make is whether he can stomach the repercussions. I think he can.",PY
1.4854E+18,"@GrahamB47 Its close to a 0% chance of war with Russia. I think Russia will invade Ukraine, but nato won‚Äôt do anything really. Too high of a cost for too low of a gain",PY
1.4854E+18,Who else is betting US plan is #Ukraine attack #Donbas region to draw in Russia between Fri Feb 4 -Sun Feb 20; the Beijing #Olympics?,PY
1.4854E+18,"As Putin Prepares To Invade Ukraine, Russia, China And Iran Hold Joint Naval Exercise War Games In The Indian Ocean While Biden Flees To Delaware #UkraineInvasion #RussiaUkraine @POTUS #NTEB #Ezekiel39 #BibleProphecy https://t.co/RQOGfkoKNF",PY
1.4854E+18,"@disclosetv There won't be a ""Russian invasion,"" this is code for ""we are sending a message to Russia that we're serious."" The instigator in this conflict is NATO, Russia the defending party.",DN
1.4854E+18,I hope the Russians invade. The orchestra will have to stop those ‚ÄòBeatles / ABBA / At the Movies‚Äô nights and play Rach 3 and Stravinsky every day. Our cabinet will HAVE to attend - like Putin does the Bolshoi - none of this Kylie or LCD Shitsystem. Theatre won‚Äôt change. üòÇ https://t.co/6Q7OeX0T4s,UC
1.4854E+18,"""Does Russia really wants a small tiny strip of Ukraine soil? Or integrate in the country, no this is nonsense..Putin is probably puting pressure, cz he knows he can do it &amp; it splits the EU..but what he really wants is high level respect"", says German Navy Chief in Delhi https://t.co/MICZ0O7U78 https://t.co/qDeqQp408X",DN
1.4854E+18,"Everyone keeps referring to #Russia posting 100,000 troops around #Ukraine. That estimate has to be very stale with so many more units being sent into theatre. Also expect #Belarus troops to participate. The number is probably closer to 200,000 and counting. $VIX, #Gold, $IAU",PY
1.4854E+18,Gonna have to say Massive Attack. https://t.co/tW3bYmTpUp,DY
1.4854E+18,"#BREAKING BEN NEWS SPECIAL REPORT: An invasion of Ukraine is IMMINENT, Diplomatic families have been ordered to Evacuate. https://t.co/r2hLtlrGXW",DY
1.4854E+18,@LBRBDesigns @ElectionWiz üòÇ you call Washington butchers whilst Russia  about to take the first whack at Ukraine .,PY
1.4854E+18,"@andygawt @benjaminhaddad According to @RoryStewartUK  @mrjamesob  Russia is petrified of Ukraine joining EU as success for Ukraine could lead to Putin's downfall should their neighbor prosper. NATO is the scapegoat. Putin wants west to allow 'peaceful' takeover. Failing that, it might be too late to quit",PY
1.4854E+18,Russian state TV tonight: ‚ÄúThere‚Äôs still a chance to reach agreement with the Americans.‚Äù Anchor Kisilyov adds: ‚ÄúWe propose creating a new global security architecture‚Ä¶but they harp on about us being about to invade Ukraine. This isn‚Äôt about Ukraine. The scale‚Äôs much bigger.‚Äù https://t.co/pgN4uLDCGR,UC
1.4854E+18,The American Embassy in Kiev is getting ready to evacuate.\n\n https://t.co/aT8NdEdnsT,PY
1.4854E+18,"Blinken dodges question on sending U.S. troops to Ukraine, says NATO looking at ‚Äòpractical‚Äô response to Russia. https://t.co/gy83ciZiUy",PY
1.4854E+18,"Russian Federation forces invading Ukraine today attacked Vodyane in Donetsk region, and Popasna, Katerynivka and Novozvanivka in Luhansk region. The enemy opened fire with 122mm artillery, 120 and 82 calibre mortars, grenade launchers, large-calibre machine guns and small arms. https://t.co/E6Xdx2IYGB",DY
1.4854E+18,"@Nerdy_Addict 100,000 Russian troops on the border of Ukraine. WTF!",PY
1.4854E+18,BREAKING: Israel and Jewish groups are discussing the possibility of airlifting Jews from Ukraine in the event that Russia invades. - Haaretz,PY
1.4854E+18,@EnergyCynic How to escalate tensions from a small strip of Ukraine to the whole Eastern Europe in a blitz,PY
1.4854E+18,"@yesisworld You are correct. They have been since Friday. All the Corporate Globalist Fake News Legacy Networks have been given the green light. How do you follow Covid 19? Well, you start a war with Russia. Their dream come true. Don‚Äôt get me started.",PY
1.4854E+18,"Pantsir anti-aircraft systems spotted on a train in the Oryol region, under 200km from Ukraine. https://t.co/sZP9CadxiG",PY
1.4854E+18,"You will be hearing a lot more about Ukraine over the next six weeks, here is what is happening, why it matters and what we should do about it \n\nWatch üëá \n\nhttps://t.co/nzqQB4KKhB",UC
1.4854E+18,Russian troops on the border of Ukraine now apparently \n\n#UkraineCrisis #UkraineInvasion #Russia https://t.co/2qNEkh0SXq,PY
1.4854E+18,"@DoombergT Bluff. Putin won‚Äôt do it, he‚Äôll lose way more than what he could possibly win.",PN
1.4854E+18,Didn't knowi had smellivision. The news was on after the game and I could smell the bullshit about the coverage on Russia.,UC
1.4854E+18,@SenJohnThune John\nWith the media banging the WAR drums against Russia. YOU need to understand......we have no business of putting boots on the ground in europe or to put troops in harms way in Ukraine or Russia.\nWhen all else fails they bring you to war.\nWe have a constitution for a reason.,PY
1.4854E+18,Russian troops appear to be planning to encircle Ukraine and take over major cities. https://t.co/QjSXTSPfDI,PY
1.4854E+18,@RepKatiePorter @DeathValleyNPS Katie End the war mongers BS about Ukraine.\nWatch Why is Ukraine the West's Fault on utuve.\nIt's by a Prof at the University of Chicago.,UC
1.4854E+18,The U.S believes Russia could launch an attack on the Ukraine at any minute üò≥ The White House says they will treat any movement over the border as an invasion https://t.co/XHC3huUEhF,PY
1.4854E+18,"The Russians are rational actors. Yes, they view NATO's eastward expansion as a severe threat, but they understand that they do not need to fire a shot to see that many of their demands are met. Putin understands he has the upper hand.",PN
1.4854E+18,Russia's invasion of Ukraine may happen very soon. https://t.co/NN1r9D9OPi,PY
1.4854E+18,Russia will invade Ukraine. \nDistraction against Biden aids Trump,DY
1.4854E+18,Russia is preparing to invade Ukraine.\nChina is testing a sonic missile.\nThe U.S. army: https://t.co/6KNkU1uIwW,PY
1.4854E+18,Shouldn't we be putting this strategy together regardless of whether Russia invades?\n\nhttps://t.co/q5XCmG7lo8,UC
1.4854E+18,"Do we think Russia/Ukraine will cause a proper, full-blown WWIII?",UC
1.4854E+18,US efforts to deter Russia from invading Ukraine may or may not succeed. But sanctioning Putin preemptively gives him less to lose by invading and so makes an invasion more likely. @SecBlinken is spot on. https://t.co/45NWtmEU39,UC
1.4854E+18,@RoraSkyfire Yes I think Ukraine may be the flashpoint.,PY
1.4854E+18,#Russia #Ukraine #23January \n#Moscow warned that it will not tolerate provocations by #Kiev #US or #NATO countries in #Donbass or attacks on Russian citizens\nThis is also in regard to the ever-growing arsenal of warfare brought into Ukraine by countries such as the US and #UK https://t.co/1GuVnCwVMd,UC
1.4854E+18,Russia dismisses allegations of trying to install pro-Kremlin leader in ... https://t.co/7Tvih7yOJ2,PN
1.4854E+18,@BrightDelicacy Biden warning Russia if they invade Ukraine they‚Äôre being met with swift action by US and allies,UC
1.4854E+18,"@KyleKulinski I do think if Russia is going to invade Ukraine there needs to be an international response, with the key word being international. The US shouldn't unilaterally act against Russia. Also an international response should focus on diplomacy, with troops being a very last resort.",UC
1.4854E+18,Russia and Ukraine are on the brink of war and Joe Biden can‚Äôt even decide who should be our ambassador in Kyiv.,UC
1.4854E+18,U.S Aircraft Carrier Strike Group Heads for Mediterranean amid Russia Threats https://t.co/PFIlwD2rLk via @BreitbartNews,UC
1.4854E+18,Ukraine really bout to get invaded THATS fucking wild,DY
1.4854E+18,Putin is threatening not just Ukraine but post-Cold War principles. And the stakes are generational. https://t.co/d0ozIRM6yR Why care about #Ukraine? Because it's really not just about Ukraine but the world we're prepared to live in. cc #Germany via @FredKempe,UC
1.4854E+18,War with #Ukraine is not popular in #Russia. @RFERL asked Russians on the street if they‚Äôd go fight if Russia decided to attack. Most said ‚ÄúNo way.‚Äù One said ‚ÄúAre you nuts? Fight our grandmas &amp; grandpas? Our relatives? We have loads of family over there.‚Äù https://t.co/g8DHZSlj1c,PN
1.4854E+18,"Spoke to a friend on the wknd who aided the wife of one of my twitter friends escape the fall of Kabul last year &amp;  start a new life in OZ.  \n\nThe biggest fear that Australian intel has is a Russian incursion into Ukraine would encourage China into Taiwan, splitting the 5 Eyes.",UC
1.4854E+18,What if russia never invades?,PN
1.4854E+18,Very good thread for those wondering what's about to happen in Ukraine. https://t.co/ja3DD4nYQn,UC
1.4854E+18,"@AP If Russia does invade Ukraine, this will be a big blot on the entire international community. Ukraine was pressured into giving up its nuclear stockpile by the US, UK and Russia.  #History #Ukraine #Russia https://t.co/pupFhsAqLs",UC
1.4854E+18,"@miltimore79 Ukraine has 1m men under arms. US/EU/allies don‚Äôt need to get directly involved. Massive sanctions, plus intel and support would impose serious costs. What could Russia gain?",PN
1.4854E+18,"@vonderleyen @sanchezcastejon The question is: when Ucraine will be invaded, what will be the answer of EU? Just new economic sanctions against Russia? Or Russian natural gas is more important (especially for Germany)? It is pretty ridiculous.",UC
1.4854E+18,"Russian ships, tanks and troops on the move to Ukraine as peace talks stall https://t.co/n131R6T0d0",PY
1.4854E+18,@B52Malmet Putin wants a war to distract from everything going wrong in his own country and also all the meddling he has done here and in Europe.,PY
1.4854E+18,So Russia going in for the kill on the Ukraine‚Ä¶again.. technically.\n\nThis won‚Äôt bode well.,PY
1.4854E+18,WW3 is on its way no cap Russia vs Ukrainian government this shit is fucked,PY
1.4854E+18,There are reports that Russia is considering significant military action against¬†Ukraine https://t.co/ncTh9cSrhT,DY
1.4854E+18,"@KyleJGlen @IntelCrab It‚Äôs heating up: after months of videos from Russian army movements, yesterday a video of US tanks being moved in Romania, today reinforcements to the front in ukraine.",PY
1.4854E+18,Did y'all know it's a whole war about to take place in Ukraine between them and Russia,PY
1.4854E+18,Will Russia make a military move against Ukraine? Follow these clues. - Atlantic Council https://t.co/2aRTdQGmpe,UC
1.4854E+18,"Trying to figure out if Putin really plans on going into Ukraine, or if he is just fckn w everybody",UC
1.4854E+18,"The UK and US have been warning of invasions, wars and plots for eight years, yet after all that time, all we see are western powers plotting to start a war on Russia‚Äôs doorstep‚Ä¶ https://t.co/NEvxbx118o",PN
1.4854E+18,"If you ask me about Putin and Ukraine, start with this question: ""Why does Putin want to colonize Ukraine?""\n\nThat is at the heart of this. Putin sees Ukrainians as second-class citizens beneath him and Russians. If you do not understand this, everything else will confuse you. https://t.co/Mdco8i5087",PY
1.4854E+18,I just know Biden is going to get us involved smh .\n\nRussia is not playing https://t.co/mbUOqIZK8p,UC
